{"cameraMode":{"drawMode":0,"name":"Shaded","section":"Shading Mode"},"sceneLighting":true,"audioPlay":false,"sceneViewState":{"m_AlwaysRefresh":false,"showFog":true,"showSkybox":true,"showFlares":true,"showImageEffects":true,"showParticleSystems":true,"showVisualEffectGraphs":true,"m_FxEnabled":true},"in2DMode":false,"pivot":{"x":194.1736297607422,"y":224.29461669921876,"z":61.90701675415039},"rotation":{"x":-0.0311833918094635,"y":0.007775425910949707,"z":0.0007974680629558861,"w":0.9996822476387024},"size":254.64169311523438,"orthographic":false}